Date,Home,Away
2018-05-27,Athletics,Diamondbacks
2018-07-10,Pirates,Nationals
2018-03-31,Athletics,Angels
2018-07-28,Angels,Mariners
2018-06-13,Orioles,Red Sox
2018-03-31,Braves,Phillies
2018-08-23,Nationals,Phillies
2018-07-03,Brewers,Twins
2018-09-05,White Sox,Tigers
2018-09-23,Pirates,Brewers
2018-05-19,Royals,Yankees
2018-05-10,Marlins,Braves
2018-07-21,Reds,Pirates
2018-06-01,Twins,Indians
2018-08-23,Diamondbacks,Angels
2018-05-19,Astros,Indians
2018-08-25,Twins,Athletics
2018-05-14,Diamondbacks,Nationals
2018-09-23,Diamondbacks,Rockies
2018-05-27,Dodgers,Padres
2018-09-12,Giants,Braves
2018-09-04,Marlins,Phillies
2018-05-27,Phillies,Blue Jays
2018-08-18,Rangers,Angels
2018-06-30,Athletics,Indians
2018-07-13,Indians,Yankees
2018-05-18,Angels,Rays
2018-06-17,Dodgers,Giants
2018-08-20,Mets,Giants
2018-04-13,Nationals,Rockies
2018-08-25,Mets,Nationals
2018-06-24,Pirates,Diamondbacks
2018-05-08,Phillies,Giants
2018-05-22,Rays,Red Sox
2018-05-08,Blue Jays,Mariners
2018-05-31,Cardinals,Pirates
2018-04-14,Cubs,Braves
2018-04-26,Yankees,Twins
2018-08-13,Braves,Marlins
2018-08-11,Blue Jays,Rays
2018-09-29,Mariners,Rangers
2018-09-30,Phillies,Braves
2018-04-02,Marlins,Red Sox
2018-06-02,Padres,Reds
2018-08-22,Rays,Royals
2018-09-04,Rangers,Angels
2018-08-04,Pirates,Cardinals
2018-05-26,Pirates,Cardinals
2018-07-04,Marlins,Rays
2018-07-31,Red Sox,Phillies
2018-07-09,Red Sox,Rangers
2018-04-02,Astros,Orioles
2018-05-16,Royals,Rays
2018-04-17,Tigers,Orioles
2018-08-07,Marlins,Cardinals
2018-08-13,Braves,Marlins
2018-04-08,Angels,Athletics
2018-07-28,Astros,Rangers
2018-06-24,Braves,Orioles
2018-04-12,Reds,Cardinals
2018-06-15,Orioles,Marlins
2018-08-18,Athletics,Astros
2018-08-29,Cubs,Mets
2018-08-12,Padres,Phillies
2018-09-28,Phillies,Braves
2018-06-08,Tigers,Indians
2018-05-22,Reds,Pirates
2018-09-15,Padres,Rangers
2018-09-19,Yankees,Red Sox
2018-06-09,Rangers,Astros
2018-08-11,Tigers,Twins
2018-07-11,Braves,Blue Jays
2018-08-03,Diamondbacks,Giants
2018-08-19,Mariners,Dodgers
2018-08-14,Braves,Marlins
2018-07-27,Rangers,Athletics
2018-06-09,Marlins,Padres
2018-04-24,Astros,Angels
2018-06-10,Nationals,Giants
2018-06-22,Rays,Yankees
2018-06-07,Rangers,Athletics
2018-08-03,Indians,Angels
2018-06-19,Pirates,Brewers
2018-07-05,Dodgers,Pirates
2018-07-01,Diamondbacks,Giants
2018-04-28,Padres,Mets
2018-08-29,Reds,Brewers
2018-04-25,Dodgers,Marlins
2018-09-05,Dodgers,Mets
2018-07-14,Twins,Rays
2018-07-01,Mariners,Royals
2018-09-07,Tigers,Cardinals
2018-07-03,Phillies,Orioles
2018-05-09,Rockies,Angels
2018-08-16,Cardinals,Nationals
2018-08-01,Mariners,Astros
2018-05-21,Phillies,Braves
2018-09-08,Brewers,Giants
2018-09-27,Rockies,Phillies
2018-08-01,Mariners,Astros
2018-07-22,Mariners,White Sox
2018-09-18,Braves,Cardinals
2018-09-03,Blue Jays,Rays
2018-06-06,Astros,Mariners
2018-07-11,Angels,Mariners
2018-06-02,Cardinals,Pirates
2018-09-19,Padres,Giants
2018-04-21,Phillies,Pirates
2018-07-08,Mariners,Rockies
2018-07-11,Giants,Cubs
2018-05-29,Brewers,Cardinals
2018-08-16,Padres,Angels
2018-04-28,Twins,Reds
2018-05-22,Rangers,Yankees
2018-07-23,Reds,Cardinals
2018-04-11,Giants,Diamondbacks
2018-05-19,Twins,Brewers
2018-05-30,Diamondbacks,Reds
2018-07-31,Yankees,Orioles
2018-08-23,Red Sox,Indians
2018-05-04,Mariners,Athletics
2018-08-18,Cardinals,Brewers
2018-04-17,Padres,Dodgers
2018-09-29,Brewers,Tigers
2018-04-16,Rays,Rangers
2018-03-29,Rangers,Astros
2018-08-05,Rays,White Sox
2018-04-13,Padres,Giants
2018-05-04,Rangers,Red Sox
2018-05-17,Red Sox,Orioles
2018-07-26,Rangers,Athletics
2018-06-08,Red Sox,White Sox
2018-06-03,Giants,Phillies
2018-05-09,White Sox,Pirates
2018-07-28,Yankees,Royals
2018-06-17,Yankees,Rays
2018-09-29,Royals,Indians
2018-05-27,Red Sox,Braves
2018-05-12,Cubs,White Sox
2018-04-25,Rockies,Padres
2018-08-23,Dodgers,Cardinals
2018-04-25,Astros,Angels
2018-09-21,Nationals,Mets
2018-06-23,Rays,Yankees
2018-08-25,Cubs,Reds
2018-04-22,Tigers,Royals
2018-06-02,Orioles,Yankees
2018-04-10,Nationals,Braves
2018-05-09,Orioles,Royals
2018-06-12,Braves,Mets
2018-08-25,Royals,Indians
2018-08-15,Phillies,Red Sox
2018-09-13,Orioles,Athletics
2018-06-10,Blue Jays,Orioles
2018-05-18,Red Sox,Orioles
2018-06-02,White Sox,Brewers
2018-09-04,Dodgers,Mets
2018-06-14,Tigers,Twins
2018-07-31,Braves,Marlins
2018-08-23,Tigers,White Sox
2018-07-28,Pirates,Mets
2018-08-21,Nationals,Phillies
2018-08-29,Braves,Rays
2018-05-10,Dodgers,Diamondbacks
2018-08-10,Blue Jays,Rays
2018-08-07,White Sox,Yankees
2018-05-20,Giants,Rockies
2018-08-12,Astros,Mariners
2018-09-27,Angels,Rangers
2018-06-07,Twins,White Sox
2018-04-20,Angels,Red Sox
2018-06-10,Rockies,Diamondbacks
2018-08-08,Mets,Reds
2018-08-31,Astros,Angels
2018-07-25,Brewers,Nationals
2018-07-22,Rangers,Indians
2018-06-21,Twins,Red Sox
2018-04-05,Athletics,Rangers
2018-05-20,Angels,Rays
2018-06-07,Reds,Rockies
2018-05-26,Tigers,White Sox
2018-09-22,Braves,Phillies
2018-07-24,Royals,Tigers
2018-09-09,Mariners,Yankees
2018-05-15,Padres,Rockies
2018-04-07,Nationals,Mets
2018-06-23,White Sox,Athletics
2018-08-12,Braves,Brewers
2018-04-29,Twins,Reds
2018-07-24,Blue Jays,Twins
2018-04-21,Cardinals,Reds
2018-03-29,Royals,White Sox
2018-05-09,Athletics,Astros
2018-06-30,Diamondbacks,Giants
2018-08-02,White Sox,Royals
2018-05-02,Angels,Orioles
2018-07-31,Athletics,Blue Jays
2018-06-14,Dodgers,Rangers
2018-09-16,Giants,Rockies
2018-07-26,Orioles,Rays
2018-04-03,Padres,Rockies
2018-05-25,Yankees,Angels
2018-06-09,Tigers,Indians
2018-08-15,Padres,Angels
2018-08-14,Dodgers,Giants
2018-06-13,White Sox,Indians
2018-05-02,Cubs,Rockies
2018-09-04,Braves,Red Sox
2018-07-29,Padres,Diamondbacks
2018-07-21,Rays,Marlins
2018-05-08,Cardinals,Twins
2018-09-08,Tigers,Cardinals
2018-06-20,Rockies,Mets
2018-05-02,Twins,Blue Jays
2018-07-21,Brewers,Dodgers
2018-09-03,Pirates,Reds
2018-05-26,Rays,Orioles
2018-05-30,Red Sox,Blue Jays
2018-06-03,Astros,Red Sox
2018-05-02,Giants,Padres
2018-10-01,Dodgers,Rockies
2018-08-12,Orioles,Red Sox
2018-09-25,Rockies,Phillies
2018-05-19,Red Sox,Orioles
2018-04-04,Braves,Nationals
2018-04-05,White Sox,Tigers
2018-05-01,Giants,Padres
2018-05-06,Royals,Tigers
2018-05-18,Mariners,Tigers
2018-08-17,Reds,Giants
2018-09-26,Giants,Padres
2018-05-26,Rockies,Reds
2018-08-07,Diamondbacks,Phillies
2018-04-03,Angels,Indians
2018-04-29,Royals,White Sox
2018-08-02,Cardinals,Rockies
2018-04-24,Rangers,Athletics
2018-08-22,Brewers,Reds
2018-04-10,Indians,Tigers
2018-09-29,Twins,White Sox
2018-05-04,White Sox,Twins
2018-05-27,Rangers,Royals
2018-05-21,Nationals,Padres
2018-09-19,Orioles,Blue Jays
2018-05-19,Royals,Yankees
2018-05-31,Mariners,Rangers
2018-09-18,Indians,White Sox
2018-04-18,Cubs,Cardinals
2018-07-28,White Sox,Blue Jays
2018-06-24,Angels,Blue Jays
2018-06-24,White Sox,Athletics
2018-06-23,Reds,Cubs
2018-04-08,Angels,Athletics
2018-05-20,Mariners,Tigers
2018-07-08,Blue Jays,Yankees
2018-09-22,Dodgers,Padres
2018-09-26,Red Sox,Orioles
2018-09-09,Twins,Royals
2018-06-06,Padres,Braves
2018-07-20,Tigers,Red Sox
2018-05-04,Braves,Giants
2018-06-17,White Sox,Tigers
2018-04-24,Yankees,Twins
2018-08-18,Padres,Diamondbacks
2018-09-08,Athletics,Rangers
2018-07-06,Cubs,Reds
2018-07-15,Padres,Cubs
2018-07-11,Twins,Royals
2018-09-29,Brewers,Tigers
2018-07-01,Reds,Brewers
2018-04-28,Angels,Yankees
2018-05-21,Brewers,Diamondbacks
2018-09-01,Yankees,Tigers
2018-08-17,Rangers,Angels
2018-08-05,Rangers,Orioles
2018-09-18,Pirates,Royals
2018-08-05,Phillies,Marlins
2018-04-01,Blue Jays,Yankees
2018-09-08,Rockies,Dodgers
2018-07-07,Brewers,Braves
2018-04-03,Brewers,Cardinals
2018-09-08,Mariners,Yankees
2018-08-26,Diamondbacks,Mariners
2018-04-15,Mariners,Athletics
2018-05-14,Tigers,Indians
2018-08-08,Brewers,Padres
2018-08-12,Padres,Phillies
2018-06-02,Twins,Indians
2018-05-28,Orioles,Nationals
2018-04-05,Phillies,Marlins
2018-05-16,Mets,Blue Jays
2018-08-19,Pirates,Cubs
2018-05-12,Tigers,Mariners
2018-06-11,Orioles,Red Sox
2018-05-05,Braves,Giants
2018-05-31,Braves,Nationals
2018-06-07,Cardinals,Marlins
2018-07-22,Brewers,Dodgers
2018-05-05,Diamondbacks,Astros
2018-07-21,Yankees,Mets
2018-06-02,Tigers,Blue Jays
2018-09-16,Padres,Rangers
2018-05-09,Padres,Nationals
2018-08-11,Rockies,Dodgers
2018-09-25,White Sox,Indians
2018-06-10,Twins,Angels
2018-08-22,Athletics,Rangers
2018-07-22,Reds,Pirates
2018-04-03,Braves,Nationals
2018-08-16,Phillies,Mets
2018-08-21,Mariners,Astros
2018-06-02,Angels,Rangers
2018-07-04,Mariners,Angels
2018-05-06,Athletics,Orioles
2018-06-03,Cardinals,Pirates
2018-09-02,Rangers,Twins
2018-07-25,Reds,Cardinals
2018-06-23,Angels,Blue Jays
2018-06-12,White Sox,Indians
2018-04-25,Phillies,Diamondbacks
2018-07-27,Tigers,Indians
2018-07-13,Angels,Mariners
2018-08-11,Orioles,Red Sox
2018-05-30,Orioles,Nationals
2018-09-22,Yankees,Orioles
2018-07-26,Marlins,Nationals
2018-07-12,Mets,Nationals
2018-07-07,Giants,Cardinals
2018-07-31,Mariners,Astros
2018-06-10,Marlins,Padres
2018-05-20,White Sox,Rangers
2018-08-18,Mariners,Dodgers
2018-05-05,Padres,Dodgers
2018-04-18,Padres,Dodgers
2018-06-25,Nationals,Phillies
2018-09-09,Rockies,Dodgers
2018-07-01,Rangers,White Sox
2018-06-23,Twins,Rangers
2018-06-26,Astros,Blue Jays
2018-05-02,Mariners,Athletics
2018-07-04,Royals,Indians
2018-09-01,Phillies,Cubs
2018-04-22,Phillies,Pirates
2018-07-03,Blue Jays,Mets
2018-05-12,Astros,Rangers
2018-06-22,White Sox,Athletics
2018-08-04,Mariners,Blue Jays
2018-06-11,Mets,Yankees
2018-07-28,Yankees,Royals
2018-07-21,Blue Jays,Orioles
2018-09-23,Rangers,Mariners
2018-06-28,White Sox,Twins
2018-08-26,Dodgers,Padres
2018-09-01,Rangers,Twins
2018-06-20,Indians,White Sox
2018-04-01,Reds,Nationals
2018-09-01,Astros,Angels
2018-06-22,Brewers,Cardinals
2018-06-25,Orioles,Mariners
2018-08-05,Diamondbacks,Giants
2018-09-06,Rockies,Giants
2018-05-09,Brewers,Indians
2018-04-18,Athletics,White Sox
2018-06-24,Brewers,Cardinals
2018-09-09,Rockies,Dodgers
2018-07-14,Mets,Nationals
2018-08-18,Athletics,Astros
2018-09-05,Braves,Red Sox
2018-09-18,Brewers,Reds
2018-05-20,Royals,Yankees
2018-04-21,Athletics,Red Sox
2018-04-29,Giants,Dodgers
2018-05-25,Pirates,Cardinals
2018-09-26,White Sox,Indians
2018-04-30,Cubs,Rockies
2018-04-16,Braves,Phillies
2018-08-29,Cardinals,Pirates
2018-04-17,Yankees,Marlins
2018-05-20,Mariners,Tigers
2018-09-08,Reds,Padres
2018-05-05,Mariners,Angels
2018-06-19,Yankees,Mariners
2018-04-10,Giants,Diamondbacks
2018-08-26,Mets,Nationals
2018-07-29,Tigers,Indians
2018-03-29,Orioles,Twins
2018-06-03,White Sox,Brewers
2018-04-28,Orioles,Tigers
2018-08-01,Twins,Indians
2018-04-08,Giants,Dodgers
2018-04-04,Padres,Rockies
2018-09-01,Cardinals,Reds
2018-07-29,Pirates,Mets
2018-04-11,Royals,Mariners
2018-09-15,Cubs,Reds
2018-08-26,Blue Jays,Phillies
2018-09-29,Rays,Blue Jays
2018-04-29,Astros,Athletics
2018-04-02,Pirates,Twins
2018-09-22,Astros,Angels
2018-05-31,Rockies,Giants
2018-09-16,Cubs,Reds
2018-04-21,Orioles,Indians
2018-08-12,Yankees,Rangers
2018-06-02,Astros,Red Sox
2018-06-13,Brewers,Cubs
2018-08-07,Giants,Astros
2018-09-12,Giants,Braves
2018-05-17,Blue Jays,Athletics
2018-06-18,Cardinals,Cubs
2018-05-15,Angels,Astros
2018-06-20,Blue Jays,Braves
2018-05-30,Pirates,Cubs
2018-04-24,White Sox,Mariners
2018-07-01,Orioles,Angels
2018-06-28,Rangers,Padres
2018-07-26,Rockies,Astros
2018-08-04,Brewers,Rockies
2018-09-29,Padres,Diamondbacks
2018-09-12,Tigers,Astros
2018-09-11,Angels,Rangers
2018-09-30,Brewers,Tigers
2018-09-01,Athletics,Mariners
2018-09-29,Giants,Dodgers
2018-09-25,Mets,Braves
2018-08-21,Dodgers,Cardinals
2018-04-14,Padres,Giants
2018-07-19,Cubs,Cardinals
2018-06-28,Red Sox,Angels
2018-06-08,Blue Jays,Orioles
2018-04-07,Giants,Dodgers
2018-07-09,Orioles,Yankees
2018-09-01,Padres,Rockies
2018-05-27,Mariners,Twins
2018-05-14,Red Sox,Athletics
2018-08-15,Twins,Pirates
2018-08-13,Yankees,Mets
2018-09-23,Marlins,Reds
2018-05-19,Angels,Rays
2018-05-26,Dodgers,Padres
2018-04-27,Phillies,Braves
2018-09-08,Athletics,Rangers
2018-07-03,Cubs,Tigers
2018-04-06,Pirates,Reds
2018-09-08,Twins,Royals
2018-03-31,Dodgers,Giants
2018-06-27,Red Sox,Angels
2018-05-02,Giants,Padres
2018-09-16,Angels,Mariners
2018-09-01,Marlins,Blue Jays
2018-07-08,Mets,Rays
2018-05-01,Twins,Blue Jays
2018-08-27,Orioles,Blue Jays
2018-06-30,Rangers,White Sox
2018-05-27,Mariners,Twins
2018-07-15,Braves,Diamondbacks
2018-07-13,Red Sox,Blue Jays
2018-05-23,Nationals,Padres
2018-06-12,Rays,Blue Jays
2018-06-16,Dodgers,Giants
2018-06-09,Rockies,Diamondbacks
2018-08-13,Tigers,White Sox
2018-05-04,Mets,Rockies
2018-04-17,Mariners,Astros
2018-09-18,Yankees,Red Sox
2018-07-13,Braves,Diamondbacks
2018-09-23,White Sox,Cubs
2018-06-20,Yankees,Mariners
2018-07-14,Orioles,Rangers
2018-07-28,Marlins,Nationals
2018-04-03,Tigers,Royals
2018-05-28,Tigers,Angels
2018-05-08,Cubs,Marlins
2018-04-08,White Sox,Tigers
2018-04-29,Angels,Yankees
2018-09-15,Cubs,Reds
2018-08-08,Rangers,Mariners
2018-09-01,Royals,Orioles
2018-07-24,Rangers,Athletics
2018-05-06,Yankees,Indians
2018-09-09,Brewers,Giants
2018-08-23,Mets,Giants
2018-08-29,Padres,Mariners
2018-08-18,Red Sox,Rays
2018-07-15,Pirates,Brewers
2018-09-22,Nationals,Mets
2018-06-05,Reds,Rockies
2018-05-25,Cubs,Giants
2018-05-27,Pirates,Cardinals
2018-08-28,Cubs,Mets
2018-05-16,Giants,Reds
2018-04-28,Nationals,Diamondbacks
2018-04-02,Tigers,Royals
2018-06-23,Red Sox,Mariners
2018-07-24,Indians,Pirates
2018-07-03,Brewers,Twins
2018-05-08,Athletics,Astros
2018-05-04,Yankees,Indians
2018-06-20,Padres,Athletics
2018-03-30,Braves,Phillies
2018-08-10,Cubs,Nationals
2018-06-20,Cubs,Dodgers
2018-08-25,Royals,Indians
2018-05-15,Marlins,Dodgers
2018-07-30,Cardinals,Cubs
2018-07-07,Royals,Red Sox
2018-05-03,Nationals,Pirates
2018-09-13,Royals,White Sox
2018-07-22,Diamondbacks,Rockies
2018-07-30,Red Sox,Phillies
2018-07-06,Giants,Cardinals
2018-05-01,Red Sox,Royals
2018-07-22,Angels,Astros
2018-06-28,White Sox,Twins
2018-08-01,White Sox,Royals
2018-04-14,Astros,Rangers
2018-09-02,Dodgers,Diamondbacks
2018-07-08,Royals,Red Sox
2018-09-23,Diamondbacks,Rockies
2018-08-19,Yankees,Blue Jays
2018-09-30,Padres,Diamondbacks
2018-06-12,Cardinals,Padres
2018-05-27,Indians,Astros
2018-07-04,Athletics,Padres
2018-04-26,Cardinals,Mets
2018-05-28,Cubs,Giants
2018-06-30,Marlins,Mets
2018-05-01,Marlins,Phillies
2018-06-27,Astros,Blue Jays
2018-04-28,Indians,Mariners
2018-06-17,Diamondbacks,Mets
2018-05-11,Pirates,Giants
2018-08-19,Braves,Rockies
2018-04-24,Blue Jays,Red Sox
2018-06-16,Royals,Astros
2018-05-09,Yankees,Red Sox
2018-08-24,Orioles,Yankees
2018-09-26,Cubs,Pirates
2018-04-25,Royals,Brewers
2018-04-27,Marlins,Rockies
2018-08-03,Cubs,Padres
2018-07-04,Nationals,Red Sox
2018-07-29,Marlins,Nationals
2018-07-10,Mets,Phillies
2018-09-18,Rangers,Rays
2018-09-04,Pirates,Reds
2018-08-06,Red Sox,Yankees
2018-07-08,Indians,Athletics
2018-09-03,Brewers,Cubs
2018-07-31,Tigers,Reds
2018-09-12,Royals,White Sox
2018-09-22,Blue Jays,Rays
2018-07-02,Marlins,Rays
2018-07-31,Padres,Giants
2018-05-28,Mariners,Rangers
2018-04-07,Yankees,Orioles
2018-08-26,Twins,Athletics
2018-08-19,Twins,Tigers
2018-07-03,Dodgers,Pirates
2018-07-22,Diamondbacks,Rockies
2018-08-14,Royals,Blue Jays
2018-05-26,Indians,Astros
2018-09-27,Diamondbacks,Dodgers
2018-08-07,Rays,Orioles
2018-06-13,Mariners,Angels
2018-09-19,Dodgers,Rockies
2018-08-17,Red Sox,Rays
2018-04-17,Blue Jays,Royals
2018-06-17,Blue Jays,Nationals
2018-08-12,Marlins,Mets
2018-09-05,Indians,Royals
2018-07-14,Padres,Cubs
2018-05-19,Mets,Diamondbacks
2018-07-10,Braves,Blue Jays
2018-05-19,Pirates,Padres
2018-07-22,Phillies,Padres
2018-07-07,Angels,Dodgers
2018-07-11,Pirates,Nationals
2018-08-04,Indians,Angels
2018-09-11,Reds,Dodgers
2018-04-13,Indians,Blue Jays
2018-08-06,Indians,Twins
2018-06-03,Tigers,Blue Jays
2018-05-08,Brewers,Indians
2018-07-24,Orioles,Red Sox
2018-07-08,Nationals,Marlins
2018-09-28,Red Sox,Yankees
2018-05-11,Indians,Royals
2018-03-31,Royals,White Sox
2018-04-06,Indians,Royals
2018-04-18,Rays,Rangers
2018-05-09,Dodgers,Diamondbacks
2018-09-24,Rays,Yankees
2018-08-25,Orioles,Yankees
2018-07-29,Angels,Mariners
2018-07-25,Rangers,Athletics
2018-04-04,Brewers,Cardinals
2018-04-11,Giants,Diamondbacks
2018-09-30,Mariners,Rangers
2018-09-17,Cardinals,Dodgers
2018-08-05,Mariners,Blue Jays
2018-09-08,Twins,Royals
2018-08-05,Athletics,Tigers
2018-05-25,Red Sox,Braves
2018-06-20,Royals,Rangers
2018-05-08,Rangers,Tigers
2018-09-13,Mets,Marlins
2018-06-18,Pirates,Brewers
2018-04-25,Cardinals,Mets
2018-07-25,Rockies,Astros
2018-07-07,Mets,Rays
2018-06-30,Cubs,Twins
2018-09-15,Phillies,Marlins
2018-09-07,Diamondbacks,Braves
2018-05-28,Pirates,Cubs
2018-08-12,Angels,Athletics
2018-06-25,Braves,Reds
2018-09-09,Blue Jays,Indians
2018-05-13,Padres,Cardinals
2018-06-27,Braves,Reds
2018-05-24,White Sox,Orioles
2018-06-09,Twins,Angels
2018-05-03,Angels,Orioles
2018-09-19,Tigers,Twins
2018-09-02,Padres,Rockies
2018-08-08,Nationals,Braves
2018-08-08,Royals,Cubs
2018-09-30,Rockies,Nationals
2018-08-07,Rangers,Mariners
2018-09-05,Brewers,Cubs
2018-04-26,Cardinals,Mets
2018-06-13,Mariners,Angels
2018-08-02,Phillies,Marlins
2018-07-22,Blue Jays,Orioles
2018-06-24,Rockies,Marlins
2018-04-03,Diamondbacks,Dodgers
2018-08-05,Brewers,Rockies
2018-07-22,Mariners,White Sox
2018-04-18,Mariners,Astros
2018-08-19,Cardinals,Brewers
2018-09-24,Blue Jays,Astros
2018-04-17,Mets,Nationals
2018-08-15,Orioles,Mets
2018-06-06,Padres,Braves
2018-07-09,Indians,Reds
2018-09-12,Red Sox,Blue Jays
2018-06-02,Royals,Athletics
2018-07-08,Astros,White Sox
2018-07-07,Blue Jays,Yankees
2018-09-23,Indians,Red Sox
2018-07-07,Diamondbacks,Padres
2018-04-08,Cardinals,Diamondbacks
2018-04-28,Astros,Athletics
2018-04-03,Giants,Mariners
2018-06-15,Pirates,Reds
2018-09-27,Twins,Tigers
2018-04-13,Tigers,Yankees
2018-09-08,Rays,Orioles
2018-06-19,Royals,Rangers
2018-05-29,Orioles,Nationals
2018-09-01,Braves,Pirates
2018-07-09,Orioles,Yankees
2018-08-08,Indians,Twins
2018-09-05,Nationals,Cardinals
2018-05-23,Rangers,Yankees
2018-08-28,Reds,Brewers
2018-05-02,Red Sox,Royals
2018-09-17,Brewers,Reds
2018-09-26,Mets,Braves
2018-09-12,Rays,Indians
2018-07-25,Mariners,Giants
2018-08-22,Mariners,Astros
2018-05-19,Giants,Rockies
2018-04-25,Rangers,Athletics
2018-09-23,Cardinals,Giants
2018-07-11,Twins,Royals
2018-09-11,Orioles,Athletics
2018-05-29,Tigers,Angels
2018-04-08,Indians,Royals
2018-03-29,Rays,Red Sox
2018-06-17,Braves,Padres
2018-09-19,Athletics,Angels
2018-07-28,Red Sox,Twins
2018-04-07,Red Sox,Rays
2018-04-07,Brewers,Cubs
2018-04-23,Yankees,Twins
2018-04-18,Diamondbacks,Giants
2018-09-23,Braves,Phillies
2018-05-24,Athletics,Mariners
2018-05-22,Cardinals,Royals
2018-05-24,Dodgers,Rockies
2018-08-21,Tigers,Cubs
2018-05-28,Padres,Marlins
2018-08-15,Athletics,Mariners
2018-06-21,Rockies,Mets
2018-06-17,Diamondbacks,Mets
2018-07-25,Mets,Padres
2018-06-03,Angels,Rangers
2018-08-25,Tigers,White Sox
2018-06-27,Brewers,Royals
2018-08-14,Tigers,White Sox
2018-04-14,Royals,Angels
2018-07-03,Rockies,Giants
2018-09-15,Indians,Tigers
2018-06-06,Angels,Royals
2018-04-09,Orioles,Blue Jays
2018-07-21,Cubs,Cardinals
2018-07-14,Cardinals,Reds
2018-09-28,Reds,Pirates
2018-08-28,Astros,Athletics
2018-05-27,Rockies,Reds
2018-08-18,Pirates,Cubs
2018-05-08,Reds,Mets
2018-04-21,Rockies,Cubs
2018-08-28,Giants,Diamondbacks
2018-07-12,Padres,Dodgers
2018-05-10,Orioles,Royals
2018-09-09,Rays,Orioles
2018-09-20,Braves,Phillies
2018-08-29,Indians,Twins
2018-08-17,Royals,Blue Jays
2018-09-29,Orioles,Astros
2018-09-01,Giants,Mets
2018-08-18,Twins,Tigers
2018-08-19,Rangers,Angels
2018-04-04,Astros,Orioles
2018-07-08,Cubs,Reds
2018-09-02,Indians,Rays
2018-06-23,Astros,Royals
2018-07-04,Brewers,Twins
2018-07-02,Yankees,Braves
2018-09-25,Reds,Royals
2018-07-13,Mets,Nationals
2018-05-16,Pirates,White Sox
2018-04-11,Phillies,Reds
2018-08-20,Pirates,Braves
2018-08-03,Mets,Braves
2018-04-24,Dodgers,Marlins
2018-05-11,Dodgers,Reds
2018-08-29,Rangers,Dodgers
2018-05-19,Braves,Marlins
2018-05-06,Braves,Giants
2018-07-01,Phillies,Nationals
2018-05-23,Cardinals,Royals
2018-09-23,Yankees,Orioles
2018-05-02,Indians,Rangers
2018-04-07,Astros,Padres
2018-09-09,Mets,Phillies
2018-05-19,Cardinals,Phillies
2018-09-20,Dodgers,Rockies
2018-08-22,Mariners,Astros
2018-09-11,Mets,Marlins
2018-08-15,Yankees,Rays
2018-06-11,Rays,Blue Jays
2018-07-10,Orioles,Yankees
2018-09-01,Dodgers,Diamondbacks
2018-05-12,Diamondbacks,Nationals
2018-04-21,Dodgers,Nationals
2018-05-20,Angels,Rays
2018-05-04,Nationals,Phillies
2018-08-18,Twins,Tigers
2018-08-22,Dodgers,Cardinals
2018-08-15,Athletics,Mariners
2018-04-05,Athletics,Rangers
2018-04-27,Nationals,Diamondbacks
2018-07-13,Marlins,Phillies
2018-08-03,Rangers,Orioles
2018-08-05,Dodgers,Astros
2018-09-17,Phillies,Mets
2018-04-29,Royals,White Sox
2018-06-23,Mets,Dodgers
2018-05-19,Blue Jays,Athletics
2018-04-26,Royals,Brewers
2018-05-13,Marlins,Braves
2018-06-24,Indians,Tigers
2018-04-19,Tigers,Orioles
2018-05-23,Reds,Pirates
2018-06-03,Braves,Nationals
2018-06-05,Angels,Royals
2018-05-06,Padres,Dodgers
2018-08-04,Mets,Braves
2018-08-15,Braves,Marlins
2018-04-11,Cardinals,Brewers
2018-05-01,Diamondbacks,Dodgers
2018-10-01,Cubs,Brewers
2018-05-16,Mariners,Rangers
2018-08-14,Cubs,Brewers
2018-08-29,Royals,Tigers
2018-05-12,Marlins,Braves
2018-06-01,Orioles,Yankees
2018-06-21,Nationals,Orioles
2018-08-10,Rockies,Dodgers
2018-09-13,Rockies,Diamondbacks
2018-07-08,Pirates,Phillies
2018-08-10,Tigers,Twins
2018-04-12,Rangers,Angels
2018-08-15,Tigers,White Sox
2018-06-12,Orioles,Red Sox
2018-04-04,Diamondbacks,Dodgers
2018-04-04,Angels,Indians
2018-05-01,Reds,Brewers
2018-03-29,Blue Jays,Yankees
2018-07-24,Marlins,Braves
2018-08-31,Phillies,Cubs
2018-04-15,Padres,Giants
2018-09-23,Nationals,Mets
2018-08-05,Mariners,Blue Jays
2018-06-28,Dodgers,Cubs
2018-04-28,Astros,Athletics
2018-09-21,Blue Jays,Rays
2018-09-19,Braves,Cardinals
2018-07-12,White Sox,Cardinals
2018-06-13,Royals,Reds
2018-06-29,Marlins,Mets
2018-06-30,Reds,Brewers
2018-04-14,Royals,Angels
2018-09-01,White Sox,Red Sox
2018-08-01,Diamondbacks,Rangers
2018-09-11,Red Sox,Blue Jays
2018-08-04,Nationals,Reds
2018-06-12,Phillies,Rockies
2018-07-27,Red Sox,Twins
2018-05-28,Athletics,Rays
2018-03-29,Mets,Cardinals
2018-05-23,Brewers,Diamondbacks
2018-06-21,Royals,Rangers
2018-09-06,Brewers,Cubs
2018-05-01,Mets,Braves
2018-09-23,Athletics,Twins
2018-07-04,Cubs,Tigers
2018-09-20,Athletics,Angels
2018-04-10,Cubs,Pirates
2018-06-24,Twins,Rangers
2018-06-20,Phillies,Cardinals
2018-08-15,Royals,Blue Jays
2018-07-26,Yankees,Royals
2018-07-11,Marlins,Brewers
2018-09-11,Cardinals,Pirates
2018-06-01,Tigers,Blue Jays
2018-08-30,Reds,Brewers
2018-09-15,Rays,Athletics
2018-07-28,Braves,Dodgers
2018-09-20,Athletics,Angels
2018-07-02,Blue Jays,Tigers
2018-05-28,Braves,Mets
2018-06-07,Red Sox,Tigers
2018-04-12,Cubs,Pirates
2018-09-06,Nationals,Cubs
2018-06-23,Rockies,Marlins
2018-08-01,Dodgers,Brewers
2018-07-02,Yankees,Red Sox
2018-09-30,Twins,White Sox
2018-04-09,Cardinals,Brewers
2018-08-27,Phillies,Nationals
2018-05-09,Rockies,Angels
2018-07-26,Reds,Phillies
2018-06-08,Rays,Mariners
2018-08-19,Nationals,Marlins
2018-05-26,Rangers,Royals
2018-05-03,Diamondbacks,Dodgers
2018-06-02,Rockies,Dodgers
2018-06-14,Athletics,Astros
2018-03-29,Athletics,Angels
2018-06-19,Astros,Rays
2018-07-21,Diamondbacks,Rockies
2018-07-31,Diamondbacks,Rangers
2018-05-26,Brewers,Mets
2018-04-13,Rays,Phillies
2018-06-12,Mariners,Angels
2018-06-17,Orioles,Marlins
2018-05-18,White Sox,Rangers
2018-05-12,Tigers,Mariners
2018-05-20,Red Sox,Orioles
2018-05-11,Rockies,Brewers
2018-05-03,Royals,Tigers
2018-06-29,Cubs,Twins
2018-04-20,Brewers,Marlins
2018-07-22,Rangers,Indians
2018-04-12,Dodgers,Athletics
2018-08-30,Cardinals,Pirates
2018-09-13,Cubs,Brewers
2018-06-20,Angels,Diamondbacks
2018-09-29,Rockies,Nationals
2018-06-17,Mariners,Red Sox
2018-05-16,Diamondbacks,Brewers
2018-07-29,Orioles,Rays
2018-04-29,Padres,Mets
2018-06-23,Pirates,Diamondbacks
2018-05-30,Braves,Mets
2018-05-28,Indians,White Sox
2018-05-23,Astros,Giants
2018-04-05,Padres,Rockies
2018-09-24,Red Sox,Orioles
2018-09-12,Mets,Marlins
2018-04-12,Red Sox,Yankees
2018-04-20,Diamondbacks,Giants
2018-07-13,Twins,Rays
2018-06-25,Rays,Nationals
2018-04-04,Giants,Mariners
2018-05-13,Cubs,White Sox
2018-06-30,Rays,Astros
2018-04-19,Yankees,Blue Jays
2018-08-22,Diamondbacks,Angels
2018-07-28,Cardinals,Cubs
2018-06-16,Royals,Astros
2018-06-30,Athletics,Indians
2018-08-01,Yankees,Orioles
2018-06-24,Angels,Blue Jays
2018-03-31,Orioles,Twins
2018-08-03,Phillies,Marlins
2018-06-15,Mariners,Red Sox
2018-09-04,Diamondbacks,Padres
2018-06-18,Nationals,Yankees
2018-04-05,Padres,Rockies
2018-04-08,Astros,Padres
2018-05-05,Brewers,Pirates
2018-08-18,White Sox,Royals
2018-08-20,Red Sox,Indians
2018-06-24,Rays,Yankees
2018-07-24,Phillies,Dodgers
2018-09-08,Nationals,Cubs
2018-09-06,Athletics,Yankees
2018-07-05,Rockies,Giants
2018-06-10,Red Sox,White Sox
2018-09-13,Red Sox,Blue Jays
2018-06-27,Dodgers,Cubs
2018-05-14,Royals,Rays
2018-09-12,Rockies,Diamondbacks
2018-07-01,Dodgers,Rockies
2018-04-11,Nationals,Braves
2018-06-25,Royals,Angels
2018-06-26,Dodgers,Cubs
2018-08-12,Reds,Diamondbacks
2018-05-04,Indians,Blue Jays
2018-06-03,Diamondbacks,Marlins
2018-03-29,Dodgers,Giants
2018-07-12,Angels,Mariners
2018-06-09,Mets,Yankees
2018-05-05,Yankees,Indians
2018-08-04,Athletics,Tigers
2018-04-26,Pirates,Tigers
2018-06-17,Athletics,Angels
2018-06-09,Athletics,Royals
2018-08-13,Reds,Indians
2018-07-12,Rockies,Diamondbacks
2018-07-15,Mets,Nationals
2018-09-02,Nationals,Brewers
2018-06-02,White Sox,Brewers
2018-06-19,Angels,Diamondbacks
2018-04-01,Padres,Brewers
2018-04-22,Cardinals,Reds
2018-05-05,Reds,Marlins
2018-05-20,Nationals,Dodgers
2018-08-23,Marlins,Braves
2018-09-11,Phillies,Nationals
2018-05-03,Mariners,Athletics
2018-08-14,Orioles,Mets
2018-04-17,Twins,Indians
2018-05-01,Astros,Yankees
2018-08-07,Indians,Twins
2018-09-06,Blue Jays,Indians
2018-05-23,Twins,Tigers
2018-09-05,Marlins,Phillies
2018-05-08,Cardinals,Twins
2018-05-09,Phillies,Giants
2018-07-06,Pirates,Phillies
2018-06-08,Rangers,Astros
2018-05-24,Cubs,Indians
2018-07-27,Marlins,Nationals
2018-05-05,White Sox,Twins
2018-09-28,Cubs,Cardinals
2018-06-16,Orioles,Marlins
2018-06-28,Orioles,Mariners
2018-09-13,Rockies,Diamondbacks
2018-04-27,Cubs,Brewers
2018-05-06,Diamondbacks,Astros
2018-05-12,Blue Jays,Red Sox
2018-05-23,Cardinals,Royals
2018-09-26,Red Sox,Orioles
2018-08-30,Yankees,Tigers
2018-08-11,Cubs,Nationals
2018-08-21,Marlins,Yankees
2018-08-19,Rangers,Angels
2018-04-18,Athletics,White Sox
2018-05-12,Angels,Twins
2018-05-13,Phillies,Mets
2018-06-09,Red Sox,White Sox
2018-04-11,Twins,Astros
2018-05-17,Pirates,Padres
2018-05-11,Blue Jays,Red Sox
2018-06-08,Reds,Cardinals
2018-04-18,Mets,Nationals
2018-03-31,Rangers,Astros
2018-08-25,Brewers,Pirates
2018-06-06,Giants,Diamondbacks
2018-09-23,Astros,Angels
2018-06-03,Mariners,Rays
2018-05-12,Pirates,Giants
2018-09-13,Cardinals,Dodgers
2018-05-09,Rangers,Tigers
2018-04-05,Twins,Mariners
2018-07-01,Padres,Pirates
2018-07-21,Athletics,Giants
2018-04-06,Brewers,Cubs
2018-07-14,Astros,Tigers
2018-07-24,Angels,White Sox
2018-04-01,Diamondbacks,Rockies
2018-09-21,Braves,Phillies
2018-09-02,Braves,Pirates
2018-04-13,Red Sox,Orioles
2018-08-08,Diamondbacks,Phillies
2018-09-06,Rangers,Angels
2018-09-27,Mets,Braves
2018-04-01,Athletics,Angels
2018-07-13,Orioles,Rangers
2018-04-08,Rangers,Blue Jays
2018-06-30,Yankees,Red Sox
2018-06-16,Braves,Padres
2018-08-17,Pirates,Cubs
2018-06-10,Cubs,Pirates
2018-08-11,Marlins,Mets
2018-08-07,Giants,Astros
2018-05-13,Orioles,Rays
2018-07-14,Red Sox,Blue Jays
2018-06-17,Rangers,Rockies
2018-07-21,Mariners,White Sox
2018-09-02,Giants,Mets
2018-05-13,Pirates,Giants
2018-09-09,Athletics,Rangers
2018-09-20,Indians,White Sox
2018-08-14,Phillies,Red Sox
2018-09-24,Nationals,Marlins
2018-09-16,Astros,Diamondbacks
2018-04-26,Orioles,Rays
2018-08-29,Astros,Athletics
2018-07-13,Pirates,Brewers
2018-06-17,Dodgers,Giants
2018-05-04,Angels,Orioles
2018-04-11,Twins,Astros
2018-04-22,White Sox,Astros
2018-04-05,Yankees,Orioles
2018-06-30,Dodgers,Rockies
2018-05-02,Mets,Braves
2018-07-10,Rays,Tigers
2018-09-25,Cubs,Pirates
2018-07-06,Blue Jays,Yankees
2018-09-08,White Sox,Angels
2018-05-16,Diamondbacks,Brewers
2018-04-08,Rockies,Braves
2018-04-21,White Sox,Astros
2018-09-03,White Sox,Tigers
2018-08-11,Royals,Cardinals
2018-08-15,Reds,Indians
2018-03-31,Marlins,Cubs
2018-04-10,Orioles,Blue Jays
2018-05-03,Mets,Braves
2018-09-27,Giants,Padres
2018-09-26,Angels,Rangers
2018-05-20,Cardinals,Phillies
2018-07-14,Pirates,Brewers
2018-05-05,Nationals,Phillies
2018-06-22,Angels,Blue Jays
2018-04-23,Dodgers,Nationals
2018-07-07,Indians,Athletics
2018-08-19,Indians,Orioles
2018-04-04,Astros,Orioles
2018-07-13,Padres,Dodgers
2018-08-24,Marlins,Braves
2018-09-20,Astros,Mariners
2018-09-09,Mariners,Yankees
2018-09-15,Yankees,Blue Jays
2018-05-27,Rockies,Reds
2018-05-02,Marlins,Phillies
2018-09-27,Cubs,Pirates
2018-08-07,Blue Jays,Red Sox
2018-05-02,Cardinals,White Sox
2018-06-02,Astros,Red Sox
2018-09-30,Padres,Diamondbacks
2018-06-08,Mets,Yankees
2018-06-06,Rangers,Athletics
2018-08-18,Yankees,Blue Jays
2018-07-14,Marlins,Phillies
2018-04-14,Mariners,Athletics
2018-09-29,Reds,Pirates
2018-04-24,Phillies,Diamondbacks
2018-06-12,Tigers,Twins
2018-04-21,Braves,Mets
2018-06-24,Astros,Royals
2018-05-03,Astros,Yankees
2018-05-23,Astros,Giants
2018-05-24,Indians,Astros
2018-04-25,Astros,Angels
2018-09-04,Nationals,Cardinals
2018-04-10,Twins,Astros
2018-09-29,Red Sox,Yankees
2018-09-27,Rays,Yankees
2018-04-25,Rockies,Padres
2018-04-11,Red Sox,Yankees
2018-06-07,Astros,Mariners
2018-05-01,Tigers,Rays
2018-07-29,Braves,Dodgers
2018-07-08,Diamondbacks,Padres
2018-08-28,Orioles,Blue Jays
2018-06-25,Phillies,Yankees
2018-09-26,Blue Jays,Astros
2018-09-18,Phillies,Mets
2018-07-08,Giants,Cardinals
2018-06-08,Marlins,Padres
2018-06-01,Mets,Cubs
2018-08-19,Mariners,Dodgers
2018-06-20,Giants,Marlins
2018-07-28,Cardinals,Cubs
2018-05-30,Diamondbacks,Reds
2018-05-29,Pirates,Cubs
2018-05-26,Athletics,Diamondbacks
2018-05-09,Blue Jays,Mariners
2018-05-27,Marlins,Nationals
2018-08-05,Mets,Braves
2018-05-06,Reds,Marlins
2018-07-01,Cubs,Twins
2018-09-08,Blue Jays,Indians
2018-03-31,Diamondbacks,Rockies
2018-04-16,Yankees,Marlins
2018-09-18,Dodgers,Rockies
2018-06-27,Brewers,Royals
2018-09-03,Astros,Angels
2018-08-19,Phillies,Mets
2018-09-26,Rockies,Phillies
2018-04-26,Blue Jays,Red Sox
2018-04-23,Reds,Braves
2018-09-04,Mariners,Orioles
2018-08-07,Mets,Reds
2018-09-22,Rangers,Mariners
2018-04-19,Angels,Red Sox
2018-08-09,Royals,Cubs
2018-05-30,Indians,White Sox
2018-07-09,Marlins,Brewers
2018-09-03,Nationals,Cardinals
2018-05-29,Indians,White Sox
2018-07-10,Padres,Dodgers
2018-09-23,Dodgers,Padres
2018-08-09,Brewers,Padres
2018-06-06,Mets,Orioles
2018-06-19,Phillies,Cardinals
2018-06-06,Indians,Brewers
2018-07-10,Mets,Phillies
2018-04-01,Marlins,Cubs
2018-04-22,Athletics,Red Sox
2018-08-29,Cubs,Mets
2018-09-18,Padres,Giants
2018-08-08,Rockies,Pirates
2018-07-12,Rockies,Diamondbacks
2018-06-16,Diamondbacks,Mets
2018-04-01,Rays,Red Sox
2018-08-01,Tigers,Reds
2018-04-29,Blue Jays,Rangers
2018-08-19,Padres,Diamondbacks
2018-07-06,Astros,White Sox
2018-04-21,White Sox,Astros
2018-06-29,Blue Jays,Tigers
2018-09-15,Royals,Twins
2018-06-22,Red Sox,Mariners
2018-08-17,Phillies,Mets
2018-04-08,Yankees,Orioles
2018-08-06,Mets,Reds
2018-07-20,Phillies,Padres
2018-09-25,Nationals,Marlins
2018-04-27,Orioles,Tigers
2018-06-03,Royals,Athletics
2018-04-21,Rangers,Mariners
2018-08-21,Mets,Giants
2018-05-30,Mariners,Rangers
2018-04-11,Royals,Mariners
2018-05-21,Mets,Marlins
2018-07-01,Rays,Astros
2018-08-05,Pirates,Cardinals
2018-07-20,Blue Jays,Orioles
2018-08-25,Blue Jays,Phillies
2018-07-12,Astros,Athletics
2018-09-01,White Sox,Red Sox
2018-08-03,Pirates,Cardinals
2018-04-13,Mets,Brewers
2018-05-13,Rockies,Brewers
2018-09-11,Twins,Yankees
2018-06-20,Giants,Marlins
2018-07-15,Astros,Tigers
2018-09-30,Royals,Indians
2018-09-11,Rays,Indians
2018-05-06,White Sox,Twins
2018-05-01,Indians,Rangers
2018-08-31,Marlins,Blue Jays
2018-04-10,Marlins,Mets
2018-09-02,Phillies,Cubs
2018-08-26,Brewers,Pirates
2018-08-15,Dodgers,Giants
2018-06-09,Dodgers,Braves
2018-09-02,Dodgers,Diamondbacks
2018-08-01,Cardinals,Rockies
2018-04-27,Pirates,Cardinals
2018-08-16,Dodgers,Giants
2018-09-19,Astros,Mariners
2018-08-30,Giants,Diamondbacks
2018-08-21,Brewers,Reds
2018-08-10,Orioles,Red Sox
2018-05-20,Pirates,Padres
2018-06-25,Marlins,Diamondbacks
2018-05-26,Yankees,Angels
2018-09-07,Red Sox,Astros
2018-05-22,Blue Jays,Angels
2018-04-21,Angels,Giants
2018-09-08,Brewers,Giants
2018-05-02,Cardinals,White Sox
2018-09-20,Yankees,Red Sox
2018-05-18,Pirates,Padres
2018-09-26,Cardinals,Brewers
2018-09-18,Orioles,Blue Jays
2018-09-30,Reds,Pirates
2018-06-13,Tigers,Twins
2018-08-31,Indians,Rays
2018-07-11,Orioles,Yankees
2018-06-30,Blue Jays,Tigers
2018-04-25,Giants,Nationals
2018-08-31,Braves,Pirates
2018-06-30,Padres,Pirates
2018-04-24,Indians,Cubs
2018-06-05,Pirates,Dodgers
2018-05-03,Diamondbacks,Dodgers
2018-09-17,Pirates,Royals
2018-07-14,Pirates,Brewers
2018-05-25,Tigers,White Sox
2018-04-04,Athletics,Rangers
2018-05-13,Angels,Twins
2018-05-03,Indians,Blue Jays
2018-07-21,Royals,Twins
2018-09-21,Tigers,Royals
2018-05-27,Rays,Orioles
2018-06-16,Rangers,Rockies
2018-08-04,Brewers,Rockies
2018-06-19,Giants,Marlins
2018-07-14,Twins,Rays
2018-06-08,Nationals,Giants
2018-04-15,Marlins,Pirates
2018-04-14,Dodgers,Diamondbacks
2018-09-29,Phillies,Braves
2018-07-08,Twins,Orioles
2018-07-22,Cubs,Cardinals
2018-08-15,Rangers,Diamondbacks
2018-08-25,Rockies,Cardinals
2018-05-15,Red Sox,Athletics
2018-09-01,Royals,Orioles
2018-07-15,Marlins,Phillies
2018-04-05,Nationals,Mets
2018-09-19,Pirates,Royals
2018-06-10,Dodgers,Braves
2018-08-26,Angels,Astros
2018-04-22,Brewers,Marlins
2018-06-22,Reds,Cubs
2018-06-05,Nationals,Rays
2018-07-29,White Sox,Blue Jays
2018-06-09,Rays,Mariners
2018-04-17,Athletics,White Sox
2018-08-02,Red Sox,Yankees
2018-05-15,Diamondbacks,Brewers
2018-05-31,Mets,Cubs
2018-04-25,Indians,Cubs
2018-08-25,Angels,Astros
2018-08-12,Giants,Pirates
2018-07-15,Rockies,Mariners
2018-07-14,Indians,Yankees
2018-04-27,Red Sox,Rays
2018-08-02,Mets,Braves
2018-06-27,Rangers,Padres
2018-08-25,Brewers,Pirates
2018-06-26,Red Sox,Angels
2018-06-05,Giants,Diamondbacks
2018-06-26,Tigers,Athletics
2018-06-21,Yankees,Mariners
2018-07-10,Indians,Reds
2018-06-30,Orioles,Angels
2018-06-01,Braves,Nationals
2018-09-12,Mariners,Padres
2018-09-20,Diamondbacks,Cubs
2018-04-30,Tigers,Rays
2018-05-06,Rangers,Red Sox
2018-07-20,Reds,Pirates
2018-06-16,Rangers,Rockies
2018-05-19,Mariners,Tigers
2018-05-23,Blue Jays,Angels
2018-05-16,Braves,Cubs
2018-06-06,Pirates,Dodgers
2018-09-19,Rangers,Rays
2018-09-15,Braves,Nationals
2018-09-19,Rangers,Rays
2018-07-15,Red Sox,Blue Jays
2018-05-24,Blue Jays,Angels
2018-08-07,Nationals,Braves
2018-09-10,Rays,Indians
2018-09-17,Braves,Cardinals
2018-08-31,Nationals,Brewers
2018-05-12,Indians,Royals
2018-09-07,Mets,Phillies
2018-09-22,Diamondbacks,Rockies
2018-09-10,Red Sox,Astros
2018-04-28,Royals,White Sox
2018-05-16,Twins,Cardinals
2018-08-16,Phillies,Mets
2018-09-22,White Sox,Cubs
2018-09-15,Cardinals,Dodgers
2018-09-15,Astros,Diamondbacks
2018-08-04,Twins,Royals
2018-05-18,Reds,Cubs
2018-06-16,Blue Jays,Nationals
2018-07-25,Royals,Tigers
2018-04-29,Cubs,Brewers
2018-09-26,Twins,Tigers
2018-03-29,Marlins,Cubs
2018-05-14,Twins,Mariners
2018-09-30,Red Sox,Yankees
2018-04-22,Athletics,Red Sox
2018-08-08,Rays,Orioles
2018-09-30,Angels,Athletics
2018-07-28,Astros,Rangers
2018-07-11,White Sox,Cardinals
2018-05-22,Brewers,Diamondbacks
2018-08-25,Twins,Athletics
2018-07-27,Orioles,Rays
2018-07-20,Yankees,Mets
2018-08-29,Angels,Rockies
2018-05-13,Dodgers,Reds
2018-04-02,Brewers,Cardinals
2018-05-16,Angels,Astros
2018-08-09,Brewers,Padres
2018-04-22,Orioles,Indians
2018-07-20,Cubs,Cardinals
2018-05-04,Reds,Marlins
2018-04-07,Brewers,Cubs
2018-09-01,Indians,Rays
2018-06-28,Giants,Rockies
2018-09-26,Diamondbacks,Dodgers
2018-08-10,Giants,Pirates
2018-09-10,Reds,Dodgers
2018-07-12,Astros,Athletics
2018-04-29,Nationals,Diamondbacks
2018-09-25,Blue Jays,Astros
2018-05-13,Astros,Rangers
2018-04-29,Red Sox,Rays
2018-03-30,Reds,Nationals
2018-06-16,Brewers,Phillies
2018-05-13,Angels,Twins
2018-08-29,Padres,Mariners
2018-08-11,White Sox,Indians
2018-05-19,Astros,Indians
2018-05-05,Rays,Blue Jays
2018-04-22,Rockies,Cubs
2018-09-29,Royals,Indians
2018-08-17,Padres,Diamondbacks
2018-05-12,Astros,Rangers
2018-07-10,Marlins,Brewers
2018-09-19,Indians,White Sox
2018-06-21,Reds,Cubs
2018-09-12,Cardinals,Pirates
2018-06-13,Athletics,Astros
2018-09-21,Pirates,Brewers
2018-04-29,Phillies,Braves
2018-09-08,Red Sox,Astros
2018-07-14,White Sox,Royals
2018-05-06,Athletics,Orioles
2018-06-30,Dodgers,Rockies
2018-06-18,Indians,White Sox
2018-04-01,Mariners,Indians
2018-04-01,Mets,Cardinals
2018-06-19,Cubs,Dodgers
2018-08-08,Blue Jays,Red Sox
2018-09-16,Royals,Twins
2018-07-21,Brewers,Dodgers
2018-08-03,Cubs,Padres
2018-05-30,Yankees,Astros
2018-08-26,Rockies,Cardinals
2018-04-08,Rockies,Braves
2018-08-29,Phillies,Nationals
2018-06-09,Blue Jays,Orioles
2018-07-15,Indians,Yankees
2018-05-21,Astros,Indians
2018-04-20,Tigers,Royals
2018-07-31,Nationals,Mets
2018-05-13,Tigers,Mariners
2018-07-25,Mariners,Giants
2018-05-12,Rockies,Brewers
2018-07-08,Diamondbacks,Padres
2018-04-01,Tigers,Pirates
2018-08-25,Diamondbacks,Mariners
2018-05-27,Dodgers,Padres
2018-09-25,Mariners,Athletics
2018-05-16,Mariners,Rangers
2018-09-11,Phillies,Nationals
2018-08-26,Rockies,Cardinals
2018-09-22,Indians,Red Sox
2018-08-01,Pirates,Cubs
2018-03-31,Mets,Cardinals
2018-04-15,Reds,Cardinals
2018-06-16,White Sox,Tigers
2018-06-10,Dodgers,Braves
2018-06-27,Orioles,Mariners
2018-07-01,Marlins,Mets
2018-07-25,Indians,Pirates
2018-06-16,White Sox,Tigers
2018-07-23,Rays,Yankees
2018-07-04,Phillies,Orioles
2018-08-21,Rays,Royals
2018-05-28,Brewers,Cardinals
2018-08-12,White Sox,Indians
2018-08-12,Tigers,Twins
2018-06-14,White Sox,Indians
2018-05-05,White Sox,Twins
2018-04-03,Blue Jays,White Sox
2018-09-30,Cubs,Cardinals
2018-08-08,Athletics,Dodgers
2018-04-01,Dodgers,Giants
2018-05-28,Yankees,Astros
2018-08-12,Royals,Cardinals
2018-08-26,Giants,Rangers
2018-08-31,Padres,Rockies
2018-07-28,Padres,Diamondbacks
2018-07-01,Rangers,White Sox
2018-07-07,Tigers,Rangers
2018-07-07,Astros,White Sox
2018-06-22,Giants,Padres
2018-07-15,Twins,Rays
2018-06-21,Rockies,Mets
2018-09-14,Royals,Twins
2018-04-10,Phillies,Reds
2018-05-11,Padres,Cardinals
2018-05-23,Mets,Marlins
2018-04-30,Red Sox,Royals
2018-05-31,Padres,Marlins
2018-07-30,Braves,Marlins
2018-05-30,Royals,Twins
2018-07-06,Brewers,Braves
2018-09-15,Brewers,Pirates
2018-09-18,Marlins,Nationals
2018-07-29,Yankees,Royals
2018-04-19,Mariners,Astros
2018-05-16,Giants,Reds
2018-06-27,Mets,Pirates
2018-04-10,Red Sox,Yankees
2018-06-06,Cardinals,Marlins
2018-06-07,Blue Jays,Orioles
2018-06-24,Giants,Padres
2018-07-14,Giants,Athletics
2018-07-23,Indians,Pirates
2018-08-25,Rays,Red Sox
2018-04-28,Red Sox,Rays
2018-07-10,Red Sox,Rangers
2018-07-11,Giants,Cubs
2018-09-23,Blue Jays,Rays
2018-06-05,Red Sox,Tigers
2018-07-26,Braves,Dodgers
2018-04-28,Pirates,Cardinals
2018-08-05,Cubs,Padres
2018-07-12,Indians,Yankees
2018-03-31,Mariners,Indians
2018-09-07,Rays,Orioles
2018-08-29,Astros,Athletics
2018-04-14,Red Sox,Orioles
2018-05-25,Rangers,Royals
2018-09-30,Mariners,Rangers
2018-06-01,Astros,Red Sox
2018-07-03,Nationals,Red Sox
2018-08-05,Dodgers,Astros
2018-04-11,Rangers,Angels
2018-06-02,Mariners,Rays
2018-06-18,Nationals,Yankees
2018-09-05,Dodgers,Mets
2018-08-09,White Sox,Yankees
2018-07-24,Brewers,Nationals
2018-05-19,Twins,Brewers
2018-05-15,Giants,Reds
2018-06-28,Tigers,Athletics
2018-05-17,Angels,Astros
2018-08-08,White Sox,Yankees
2018-05-12,Yankees,Athletics
2018-09-28,Twins,Tigers
2018-08-18,Indians,Orioles
2018-04-19,Cubs,Cardinals
2018-07-15,Rockies,Mariners
2018-08-19,White Sox,Royals
2018-06-22,Indians,Tigers
2018-07-26,Cubs,Diamondbacks
2018-07-14,Rockies,Mariners
2018-07-25,Cubs,Diamondbacks
2018-05-11,Cubs,White Sox
2018-07-10,Twins,Royals
2018-04-02,Dodgers,Giants
2018-08-01,Athletics,Blue Jays
2018-09-16,Rays,Athletics
2018-08-17,Braves,Rockies
2018-08-22,Athletics,Rangers
2018-08-15,Twins,Pirates
2018-06-22,Braves,Orioles
2018-07-29,Angels,Mariners
2018-06-10,Athletics,Royals
2018-07-04,Blue Jays,Mets
2018-06-16,Athletics,Angels
2018-05-31,Athletics,Rays
2018-09-28,Rays,Blue Jays
2018-07-21,Royals,Twins
2018-04-22,Yankees,Blue Jays
2018-05-20,Twins,Brewers
2018-06-14,White Sox,Indians
2018-06-03,Angels,Rangers
2018-09-29,Mets,Marlins
2018-06-21,Pirates,Diamondbacks
2018-09-06,Astros,Twins
2018-04-21,Diamondbacks,Padres
2018-04-01,Rangers,Astros
2018-06-05,Twins,White Sox
2018-05-07,Reds,Mets
2018-04-19,Mariners,Astros
2018-08-05,Nationals,Reds
2018-09-07,Blue Jays,Indians
2018-09-14,Angels,Mariners
2018-05-26,Red Sox,Braves
2018-08-29,Orioles,Blue Jays
2018-08-08,Angels,Tigers
2018-09-25,Rays,Yankees
2018-08-14,Cardinals,Nationals
2018-03-31,Reds,Nationals
2018-09-12,Reds,Dodgers
2018-04-17,Braves,Phillies
2018-08-22,Blue Jays,Orioles
2018-08-03,Mariners,Blue Jays
2018-09-22,Pirates,Brewers
2018-05-11,Yankees,Athletics
2018-05-02,Cubs,Rockies
2018-08-31,Athletics,Mariners
2018-07-25,Angels,White Sox
2018-06-23,Brewers,Cardinals
2018-06-09,Rockies,Diamondbacks
2018-06-26,Orioles,Mariners
2018-08-01,Athletics,Blue Jays
2018-06-06,Reds,Rockies
2018-07-03,Marlins,Rays
2018-06-27,Astros,Blue Jays
2018-08-07,Royals,Cubs
2018-05-20,Reds,Cubs
2018-04-22,Rangers,Mariners
2018-08-14,Rangers,Diamondbacks
2018-05-22,Phillies,Braves
2018-04-18,Twins,Indians
2018-05-30,Dodgers,Phillies
2018-05-16,Royals,Rays
2018-07-27,Pirates,Mets
2018-08-19,Athletics,Astros
2018-06-20,Astros,Rays
2018-06-19,Rockies,Mets
2018-06-29,Orioles,Angels
2018-04-22,Dodgers,Nationals
2018-09-20,Marlins,Reds
2018-04-19,Braves,Mets
2018-08-12,Angels,Athletics
2018-04-06,Yankees,Orioles
2018-06-13,Cardinals,Padres
2018-06-14,Marlins,Giants
2018-08-04,Twins,Royals
2018-05-25,Rays,Orioles
2018-09-09,Diamondbacks,Braves
2018-04-22,Rangers,Mariners
2018-08-26,Cubs,Reds
2018-08-08,Diamondbacks,Phillies
2018-08-13,Cubs,Nationals
2018-04-27,Blue Jays,Rangers
2018-05-10,Phillies,Giants
2018-09-19,Phillies,Mets
2018-07-25,Brewers,Nationals
2018-07-22,Phillies,Padres
2018-04-22,Rays,Twins
2018-07-23,Mets,Padres
2018-04-27,Cubs,Brewers
2018-09-02,Cardinals,Reds
2018-09-17,Orioles,Blue Jays
2018-05-31,Dodgers,Phillies
2018-05-16,Marlins,Dodgers
2018-06-15,Blue Jays,Nationals
2018-04-11,Rockies,Padres
2018-07-06,Mets,Rays
2018-06-15,Indians,Twins
2018-05-13,Rockies,Brewers
2018-08-09,Indians,Twins
2018-06-03,Rockies,Dodgers
2018-05-12,Orioles,Rays
2018-09-28,Cubs,Pirates
2018-09-28,Royals,Indians
2018-08-01,Rays,Angels
2018-08-22,Red Sox,Indians
2018-06-03,Giants,Phillies
2018-08-10,Marlins,Mets
2018-04-24,Rockies,Padres
2018-09-03,Marlins,Phillies
2018-09-30,Orioles,Astros
2018-06-28,Marlins,Diamondbacks
2018-05-06,Mariners,Angels
2018-07-26,Pirates,Mets
2018-08-14,Reds,Indians
2018-09-12,Twins,Yankees
2018-08-20,Twins,White Sox
2018-08-02,Cardinals,Rockies
2018-05-23,Rays,Red Sox
2018-07-14,Astros,Tigers
2018-09-16,Yankees,Blue Jays
2018-05-05,Brewers,Pirates
2018-08-02,Dodgers,Brewers
2018-05-11,Phillies,Mets
2018-07-02,Reds,White Sox
2018-06-14,Athletics,Astros
2018-06-19,Blue Jays,Braves
2018-04-20,Yankees,Blue Jays
2018-09-30,Rays,Blue Jays
2018-04-21,Brewers,Marlins
2018-09-17,Marlins,Nationals
2018-07-23,Orioles,Red Sox
2018-07-29,Red Sox,Twins
2018-09-23,Athletics,Twins
2018-08-07,Nationals,Braves
2018-06-26,Rangers,Padres
2018-09-07,Pirates,Marlins
2018-08-16,Yankees,Rays
2018-06-04,Tigers,Yankees
2018-06-17,Royals,Astros
2018-06-13,Yankees,Nationals
2018-07-25,Cubs,Diamondbacks
2018-04-08,Brewers,Cubs
2018-05-09,Reds,Mets
2018-04-11,Indians,Tigers
2018-06-02,Cardinals,Pirates
2018-04-17,Blue Jays,Royals
2018-06-13,Braves,Mets
2018-05-05,Royals,Tigers
2018-09-11,Royals,White Sox
2018-04-23,Orioles,Indians
2018-04-16,Pirates,Rockies
2018-08-04,Rays,White Sox
2018-04-07,Cardinals,Diamondbacks
2018-07-11,Rockies,Diamondbacks
2018-09-23,Dodgers,Padres
2018-09-08,Mets,Phillies
2018-05-02,Astros,Yankees
2018-05-26,Brewers,Mets
2018-07-29,Giants,Brewers
2018-05-11,Angels,Twins
2018-06-16,Indians,Twins
2018-05-26,Rangers,Royals
2018-05-11,Diamondbacks,Nationals
2018-04-30,Indians,Rangers
2018-06-23,Giants,Padres
2018-04-11,White Sox,Rays
2018-07-07,Twins,Orioles
2018-09-14,Red Sox,Mets
2018-05-24,Athletics,Mariners
2018-07-07,Cubs,Reds
2018-08-20,Rays,Royals
2018-04-04,Mets,Phillies
2018-04-03,Athletics,Rangers
2018-03-31,Blue Jays,Yankees
2018-08-24,Twins,Athletics
2018-08-05,Diamondbacks,Giants
2018-04-01,Orioles,Twins
2018-09-21,Yankees,Orioles
2018-07-06,Twins,Orioles
2018-07-11,Mets,Phillies
2018-09-15,Astros,Diamondbacks
2018-04-16,Mets,Nationals
2018-05-30,Brewers,Cardinals
2018-07-22,Tigers,Red Sox
2018-05-08,Rays,Braves
2018-08-04,Cubs,Padres
2018-07-14,Braves,Diamondbacks
2018-06-06,Giants,Diamondbacks
2018-06-03,Padres,Reds
2018-09-10,Tigers,Astros
2018-09-05,Pirates,Reds
2018-05-27,Yankees,Angels
2018-07-28,White Sox,Blue Jays
2018-04-26,Indians,Mariners
2018-07-14,Cardinals,Reds
2018-09-27,White Sox,Indians
2018-05-20,Blue Jays,Athletics
2018-05-05,Mets,Rockies
2018-07-20,Rays,Marlins
2018-05-31,Royals,Twins
2018-09-19,Diamondbacks,Cubs
2018-05-25,Indians,Astros
2018-08-17,Indians,Orioles
2018-09-13,Mets,Marlins
2018-07-29,Padres,Diamondbacks
2018-05-13,Padres,Cardinals
2018-05-06,Mariners,Angels
2018-08-22,White Sox,Twins
2018-09-26,Cardinals,Brewers
2018-07-31,Pirates,Cubs
2018-09-18,Diamondbacks,Cubs
2018-07-24,Cubs,Diamondbacks
2018-06-16,Athletics,Angels
2018-06-18,Phillies,Cardinals
2018-05-16,Orioles,Phillies
2018-06-04,Tigers,Yankees
2018-06-23,Rockies,Marlins
2018-05-06,Diamondbacks,Astros
2018-07-29,Reds,Phillies
2018-04-21,Rays,Twins
2018-07-11,Padres,Dodgers
2018-06-09,Twins,Angels
2018-08-28,Angels,Rockies
2018-05-30,Athletics,Rays
2018-06-02,Royals,Athletics
2018-07-15,Giants,Athletics
2018-04-25,White Sox,Mariners
2018-09-05,Diamondbacks,Padres
2018-06-28,Reds,Brewers
2018-09-03,Athletics,Yankees
2018-09-06,White Sox,Tigers
2018-05-12,Orioles,Rays
2018-05-06,Rangers,Red Sox
2018-04-19,Phillies,Pirates
2018-04-07,Pirates,Reds
2018-07-24,Reds,Cardinals
2018-05-09,Cubs,Marlins
2018-07-22,Athletics,Giants
2018-09-15,Royals,Twins
2018-04-08,Phillies,Marlins
2018-09-14,Phillies,Marlins
2018-07-04,Athletics,Padres
2018-05-31,Tigers,Angels
2018-09-25,Giants,Padres
2018-05-15,Mets,Blue Jays
2018-07-07,Mariners,Rockies
2018-06-10,Phillies,Brewers
2018-05-29,Dodgers,Phillies
2018-07-05,Tigers,Rangers
2018-06-26,Cardinals,Indians
2018-06-13,Rays,Blue Jays
2018-05-08,Yankees,Red Sox
2018-09-01,Cardinals,Reds
2018-06-19,Indians,White Sox
2018-08-24,Cubs,Reds
2018-04-10,Royals,Mariners
2018-08-25,Orioles,Yankees
2018-09-12,Angels,Rangers
2018-05-28,Royals,Twins
2018-07-03,Royals,Indians
2018-08-11,Astros,Mariners
2018-06-14,Yankees,Rays
2018-04-15,Rays,Phillies
2018-08-08,Rangers,Mariners
2018-08-11,White Sox,Indians
2018-07-22,Rays,Marlins
2018-05-09,White Sox,Pirates
2018-09-15,Orioles,White Sox
2018-07-02,Nationals,Red Sox
2018-08-22,Brewers,Reds
2018-05-09,Athletics,Astros
2018-08-26,Diamondbacks,Mariners
2018-08-23,Rockies,Padres
2018-04-14,Astros,Rangers
2018-06-07,Cubs,Phillies
2018-04-25,Yankees,Twins
2018-07-08,Brewers,Braves
2018-07-14,Dodgers,Angels
2018-06-20,Padres,Athletics
2018-05-22,Mets,Marlins
2018-09-09,White Sox,Angels
2018-06-20,Reds,Tigers
2018-09-07,Reds,Padres
2018-04-08,Red Sox,Rays
2018-07-22,Royals,Twins
2018-07-01,Blue Jays,Tigers
2018-09-30,Angels,Athletics
2018-04-14,Reds,Cardinals
2018-04-15,Dodgers,Diamondbacks
2018-05-10,Padres,Nationals
2018-06-02,Giants,Phillies
2018-08-30,Rangers,Dodgers
2018-07-09,Angels,Dodgers
2018-07-07,Giants,Cardinals
2018-04-04,Diamondbacks,Dodgers
2018-04-15,Nationals,Rockies
2018-09-02,Royals,Orioles
2018-09-16,Padres,Rangers
2018-07-31,Rays,Angels
2018-06-07,Cardinals,Marlins
2018-06-14,Braves,Padres
2018-08-15,Astros,Rockies
2018-08-19,Padres,Diamondbacks
2018-05-16,Twins,Cardinals
2018-08-11,Yankees,Rangers
2018-08-11,Angels,Athletics
2018-04-02,Braves,Nationals
2018-08-18,White Sox,Royals
2018-08-21,Red Sox,Indians
2018-03-31,Padres,Brewers
2018-04-13,Twins,White Sox
2018-04-13,Reds,Cardinals
2018-07-01,Diamondbacks,Giants
2018-06-06,Blue Jays,Yankees
2018-07-21,Rangers,Indians
2018-07-27,Braves,Dodgers
2018-06-24,Reds,Cubs
2018-05-02,Diamondbacks,Dodgers
2018-05-26,Cubs,Giants
2018-08-12,Rockies,Dodgers
2018-07-22,Athletics,Giants
2018-09-06,Reds,Padres
2018-04-14,Nationals,Rockies
2018-04-01,Tigers,Pirates
2018-08-27,Orioles,Yankees
2018-04-21,Brewers,Marlins
2018-08-12,Giants,Pirates
2018-05-11,Orioles,Rays
2018-05-28,Red Sox,Blue Jays
2018-06-27,Marlins,Diamondbacks
2018-06-02,Twins,Indians
2018-04-19,Diamondbacks,Giants
2018-09-06,Mariners,Orioles
2018-04-18,Brewers,Reds
2018-04-19,Padres,Dodgers
2018-06-29,Phillies,Nationals
2018-07-04,Diamondbacks,Cardinals
2018-06-02,Rockies,Dodgers
2018-07-27,Reds,Phillies
2018-05-23,Dodgers,Rockies
2018-05-12,Dodgers,Reds
2018-05-08,Orioles,Royals
2018-06-12,Brewers,Cubs
2018-09-26,Rays,Yankees
2018-04-15,Dodgers,Diamondbacks
2018-06-12,Marlins,Giants
2018-09-05,Astros,Twins
2018-09-29,Angels,Athletics
2018-05-13,Dodgers,Reds
2018-09-30,Rockies,Nationals
2018-09-05,Mariners,Orioles
2018-03-29,Braves,Phillies
2018-06-17,Brewers,Phillies
2018-09-03,Rockies,Giants
2018-09-16,Angels,Mariners
2018-07-26,Angels,White Sox
2018-04-29,Marlins,Rockies
2018-04-27,Royals,White Sox
2018-04-14,Mets,Brewers
2018-09-20,Blue Jays,Rays
2018-09-09,Diamondbacks,Braves
2018-08-02,White Sox,Royals
2018-04-30,Nationals,Pirates
2018-04-20,Rays,Twins
2018-04-28,Cubs,Brewers
2018-06-26,Phillies,Yankees
2018-06-09,Athletics,Royals
2018-04-26,Rangers,Athletics
2018-06-03,Twins,Indians
2018-09-21,White Sox,Cubs
2018-09-12,Orioles,Athletics
2018-05-06,Mets,Rockies
2018-04-17,Rays,Rangers
2018-05-22,Twins,Tigers
2018-06-27,White Sox,Twins
2018-04-24,Reds,Braves
2018-05-30,Padres,Marlins
2018-05-06,Rays,Blue Jays
2018-05-23,Twins,Tigers
2018-07-28,Tigers,Indians
2018-09-02,Rangers,Twins
2018-09-22,Marlins,Reds
2018-04-07,Angels,Athletics
2018-05-08,Padres,Nationals
2018-07-07,Brewers,Braves
2018-03-30,Marlins,Cubs
2018-06-16,Mariners,Red Sox
2018-09-15,Cardinals,Dodgers
2018-05-02,Twins,Blue Jays
2018-06-03,Mets,Cubs
2018-06-11,Marlins,Giants
2018-09-05,Athletics,Yankees
2018-07-05,Nationals,Marlins
2018-05-17,Cardinals,Phillies
2018-04-28,Blue Jays,Rangers
2018-07-31,Twins,Indians
2018-08-27,Yankees,White Sox
2018-08-11,Reds,Diamondbacks
2018-09-14,Braves,Nationals
2018-04-28,Royals,White Sox
2018-10-01,Pirates,Marlins
2018-04-13,Marlins,Pirates
2018-04-09,Phillies,Reds
2018-06-07,Angels,Royals
2018-04-20,Tigers,Royals
2018-05-19,White Sox,Rangers
2018-04-04,Blue Jays,White Sox
2018-08-05,Athletics,Tigers
2018-06-10,Reds,Cardinals
2018-04-09,Nationals,Mets
2018-04-08,Rangers,Blue Jays
2018-04-22,Angels,Giants
2018-09-16,Red Sox,Mets
2018-06-05,Padres,Braves
2018-09-09,Tigers,Cardinals
2018-08-04,Red Sox,Yankees
2018-04-03,Mets,Phillies
2018-07-04,Reds,White Sox
2018-05-19,Giants,Rockies
2018-06-28,Cardinals,Indians
2018-09-02,Padres,Rockies
2018-08-08,Angels,Tigers
2018-06-05,Indians,Brewers
2018-07-26,Angels,White Sox
2018-04-12,Indians,Tigers
2018-08-21,Blue Jays,Orioles
2018-04-07,Indians,Royals
2018-07-07,Astros,White Sox
2018-08-10,Reds,Diamondbacks
2018-08-23,Rays,Royals
2018-06-27,Tigers,Athletics
2018-06-08,Athletics,Royals
2018-07-20,Nationals,Braves
2018-05-05,Cardinals,Cubs
2018-09-21,Indians,Red Sox
2018-05-23,White Sox,Orioles
2018-08-10,Yankees,Rangers
2018-09-11,Tigers,Astros
2018-04-17,Brewers,Reds
2018-06-09,Cubs,Pirates
2018-06-01,Padres,Marlins
2018-07-05,Royals,Indians
2018-08-16,Pirates,Cubs
2018-08-04,Nationals,Reds
2018-07-29,Rockies,Athletics
2018-05-28,Rockies,Giants
2018-08-11,Braves,Brewers
2018-04-29,Indians,Mariners
2018-03-29,Padres,Brewers
2018-06-12,Yankees,Nationals
2018-05-05,Padres,Dodgers
2018-07-07,Angels,Dodgers
2018-05-11,Marlins,Braves
2018-04-28,Phillies,Braves
2018-08-12,Blue Jays,Rays
2018-05-25,Marlins,Nationals
2018-08-24,Blue Jays,Phillies
2018-04-11,Dodgers,Athletics
2018-06-14,Cardinals,Padres
2018-08-01,Twins,Indians
2018-04-25,Giants,Nationals
2018-04-14,Rays,Phillies
2018-06-28,Dodgers,Cubs
2018-09-12,Mariners,Padres
2018-05-24,Rays,Red Sox
2018-05-04,Rays,Blue Jays
2018-06-23,Giants,Padres
2018-06-26,Mets,Pirates
2018-05-27,Tigers,White Sox
2018-04-13,Cubs,Braves
2018-09-25,Angels,Rangers
2018-05-09,Rays,Braves
2018-09-02,Athletics,Mariners
2018-06-02,Mets,Cubs
2018-04-02,Reds,Cubs
2018-09-28,Mariners,Rangers
2018-08-17,Yankees,Blue Jays
2018-04-14,Marlins,Pirates
2018-07-25,Phillies,Dodgers
2018-06-09,Reds,Cardinals
2018-06-03,Mariners,Rays
2018-09-22,Tigers,Royals
2018-07-04,Dodgers,Pirates
2018-08-04,Phillies,Marlins
2018-09-20,Tigers,Royals
2018-05-13,Indians,Royals
2018-04-05,Pirates,Reds
2018-09-04,Indians,Royals
2018-05-27,Brewers,Mets
2018-08-11,Padres,Phillies
2018-08-30,Indians,Twins
2018-08-09,Athletics,Dodgers
2018-08-26,Marlins,Braves
2018-06-16,Yankees,Rays
2018-04-15,Mariners,Athletics
2018-04-15,Mets,Brewers
2018-08-05,Indians,Angels
2018-04-29,Padres,Mets
2018-05-15,Tigers,Indians
2018-09-16,Indians,Tigers
2018-09-12,Phillies,Nationals
2018-09-22,Athletics,Twins
2018-08-18,Braves,Rockies
2018-08-18,Reds,Giants
2018-06-17,Cardinals,Cubs
2018-08-26,Rays,Red Sox
2018-06-10,Rangers,Astros
2018-09-09,Reds,Padres
2018-09-03,Astros,Twins
2018-05-29,Red Sox,Blue Jays
2018-04-13,Royals,Angels
2018-08-18,Cardinals,Brewers
2018-08-30,Cardinals,Pirates
2018-08-14,Yankees,Rays
2018-08-28,Phillies,Nationals
2018-05-09,Cubs,Marlins
2018-05-19,Reds,Cubs
2018-05-06,Brewers,Pirates
2018-05-13,Blue Jays,Red Sox
2018-06-17,Pirates,Reds
2018-06-15,Braves,Padres
2018-05-05,Athletics,Orioles
2018-08-21,Athletics,Rangers
2018-08-16,Royals,Blue Jays
2018-08-31,Yankees,Tigers
2018-08-15,Cardinals,Nationals
2018-07-11,Rays,Tigers
2018-06-03,Padres,Reds
2018-07-31,Dodgers,Brewers
2018-05-24,Reds,Pirates
2018-05-31,Athletics,Rays
2018-04-26,Pirates,Tigers
2018-09-22,Cardinals,Giants
2018-07-04,Yankees,Braves
2018-07-21,Angels,Astros
2018-09-22,Astros,Angels
2018-08-10,Braves,Brewers
2018-07-12,Pirates,Brewers
2018-08-19,Reds,Giants
2018-07-08,Tigers,Rangers
2018-05-31,Dodgers,Phillies
2018-07-11,Indians,Reds
2018-07-15,Orioles,Rangers
2018-06-30,Cardinals,Braves
2018-07-15,Giants,Athletics
2018-06-25,Tigers,Athletics
2018-05-15,Braves,Cubs
2018-07-07,Twins,Orioles
2018-06-13,Diamondbacks,Pirates
2018-09-01,Nationals,Brewers
2018-07-07,Royals,Red Sox
2018-06-20,Twins,Red Sox
2018-09-11,Cubs,Brewers
2018-07-25,Royals,Tigers
2018-05-13,Yankees,Athletics
2018-08-16,Cardinals,Nationals
2018-06-22,Nationals,Phillies
2018-06-28,Phillies,Nationals
2018-04-12,Nationals,Rockies
2018-08-09,Yankees,Rangers
2018-08-24,Mets,Nationals
2018-04-10,White Sox,Rays
2018-07-29,Rockies,Athletics
2018-07-26,Red Sox,Twins
2018-09-26,Reds,Royals
2018-04-09,Marlins,Mets
2018-09-29,Twins,White Sox
2018-08-29,Giants,Diamondbacks
2018-09-16,Brewers,Pirates
2018-09-08,Pirates,Marlins
2018-04-18,Angels,Red Sox
2018-08-22,White Sox,Twins
2018-09-01,Astros,Angels
2018-06-24,Mets,Dodgers
2018-04-07,Phillies,Marlins
2018-09-16,Phillies,Marlins
2018-06-17,Indians,Twins
2018-03-30,Diamondbacks,Rockies
2018-07-14,White Sox,Royals
2018-05-26,Phillies,Blue Jays
2018-04-28,Twins,Reds
2018-05-02,Nationals,Pirates
2018-05-24,White Sox,Orioles
2018-07-29,Giants,Brewers
2018-06-29,Yankees,Red Sox
2018-07-03,Diamondbacks,Cardinals
2018-05-09,Rangers,Tigers
2018-07-09,Pirates,Nationals
2018-07-24,Mets,Padres
2018-08-11,Orioles,Red Sox
2018-07-09,Mets,Phillies
2018-06-06,Nationals,Rays
2018-07-28,Reds,Phillies
2018-09-13,Angels,Rangers
2018-04-04,Yankees,Rays
2018-08-16,Braves,Rockies
2018-04-20,Phillies,Pirates
2018-06-26,Braves,Reds
2018-06-02,Braves,Nationals
2018-08-26,Dodgers,Padres
2018-09-16,Braves,Nationals
2018-08-08,Rockies,Pirates
2018-06-23,Nationals,Phillies
2018-04-29,Giants,Dodgers
2018-06-13,Dodgers,Rangers
2018-08-07,Rockies,Pirates
2018-06-07,Pirates,Dodgers
2018-04-05,Cardinals,Diamondbacks
2018-04-11,Cardinals,Brewers
2018-06-06,Cubs,Phillies
2018-06-27,Phillies,Yankees
2018-06-23,Astros,Royals
2018-08-05,Twins,Royals
2018-07-05,Diamondbacks,Cardinals
2018-05-07,Cardinals,Cubs
2018-04-18,Blue Jays,Royals
2018-09-09,Nationals,Cubs
2018-06-15,Diamondbacks,Mets
2018-08-29,Red Sox,Marlins
2018-05-02,Tigers,Rays
2018-07-11,Red Sox,Rangers
2018-06-28,Rays,Astros
2018-09-15,Red Sox,Mets
2018-07-29,Astros,Rangers
2018-08-25,Giants,Rangers
2018-06-26,Marlins,Diamondbacks
2018-06-23,Indians,Tigers
2018-04-22,Diamondbacks,Padres
2018-08-28,Indians,Twins
2018-04-26,Phillies,Diamondbacks
2018-06-07,Cubs,Phillies
2018-08-18,Nationals,Marlins
2018-08-01,Nationals,Mets
2018-07-06,Mariners,Angels
2018-05-19,White Sox,Rangers
2018-04-11,Orioles,Blue Jays
2018-09-13,Twins,Yankees
2018-05-23,Athletics,Mariners
2018-05-18,Braves,Marlins
2018-07-15,Dodgers,Angels
2018-07-04,Rangers,Astros
2018-08-16,Astros,Rockies
2018-04-02,Blue Jays,White Sox
2018-09-08,White Sox,Angels
2018-05-22,Nationals,Padres
2018-05-20,Mets,Diamondbacks
2018-04-17,Pirates,Rockies
2018-09-16,Giants,Rockies
2018-08-09,Blue Jays,Red Sox
2018-09-27,Rockies,Phillies
2018-06-06,Red Sox,Tigers
2018-04-20,Orioles,Indians
2018-03-31,Rangers,Astros
2018-09-14,Orioles,White Sox
2018-05-23,Phillies,Braves
2018-07-21,Cubs,Cardinals
2018-07-06,Diamondbacks,Padres
2018-06-24,Red Sox,Mariners
2018-08-28,Yankees,White Sox
2018-09-29,Cubs,Cardinals
2018-07-28,Rockies,Athletics
2018-09-11,Giants,Braves
2018-07-22,Nationals,Braves
2018-04-06,Rockies,Braves
2018-09-28,Twins,White Sox
2018-07-15,Cardinals,Reds
2018-09-29,Orioles,Astros
2018-08-03,Dodgers,Brewers
2018-04-30,Reds,Brewers
2018-09-15,Brewers,Pirates
2018-05-29,Yankees,Astros
2018-08-26,Angels,Astros
2018-04-25,Blue Jays,Red Sox
2018-04-05,Red Sox,Rays
2018-08-07,Angels,Tigers
2018-08-17,Nationals,Marlins
2018-09-13,Nationals,Cubs
2018-05-19,Nationals,Dodgers
2018-06-30,Phillies,Nationals
2018-06-17,Mariners,Red Sox
2018-07-06,Tigers,Rangers
2018-05-26,Marlins,Nationals
2018-06-26,Rays,Nationals
2018-05-30,Rockies,Giants
2018-06-19,Reds,Tigers
2018-08-18,Phillies,Mets
2018-08-26,Tigers,White Sox
2018-04-09,White Sox,Rays
2018-07-06,Indians,Athletics
2018-09-19,Brewers,Reds
2018-09-23,Tigers,Royals
2018-09-26,Nationals,Marlins
2018-08-21,Pirates,Braves
2018-09-05,Rockies,Giants
2018-05-07,Phillies,Giants
2018-05-28,Diamondbacks,Reds
2018-09-17,Tigers,Twins
2018-06-09,Phillies,Brewers
2018-04-16,Brewers,Reds
2018-03-31,Rays,Red Sox
2018-08-24,Cubs,Reds
2018-05-05,Cardinals,Cubs
2018-09-21,Marlins,Reds
2018-08-28,Red Sox,Marlins
2018-07-01,Athletics,Indians
2018-09-25,Diamondbacks,Dodgers
2018-09-04,Blue Jays,Rays
2018-05-30,Tigers,Angels
2018-05-25,Phillies,Blue Jays
2018-06-25,Mets,Pirates
2018-08-24,Rays,Red Sox
2018-09-29,Giants,Dodgers
2018-05-12,Diamondbacks,Nationals
2018-04-07,Rangers,Blue Jays
2018-07-15,Padres,Cubs
2018-09-12,Cardinals,Pirates
2018-09-18,Astros,Mariners
2018-06-16,Pirates,Reds
2018-06-27,Giants,Rockies
2018-09-02,White Sox,Red Sox
2018-09-15,Angels,Mariners
2018-04-09,Nationals,Braves
2018-06-03,Diamondbacks,Marlins
2018-09-03,Indians,Royals
2018-09-16,Orioles,White Sox
2018-08-25,Dodgers,Padres
2018-08-30,Braves,Cubs
2018-04-20,Braves,Mets
2018-07-21,Tigers,Red Sox
2018-08-23,Rockies,Padres
2018-04-12,Cubs,Pirates
2018-06-19,Nationals,Orioles
2018-08-14,Athletics,Mariners
2018-04-15,Padres,Giants
2018-08-22,Marlins,Yankees
2018-08-02,Nationals,Reds
2018-08-22,Tigers,Cubs
2018-06-23,White Sox,Athletics
2018-08-22,Rockies,Padres
2018-05-20,Braves,Marlins
2018-04-11,Rockies,Padres
2018-04-28,Giants,Dodgers
2018-08-11,Giants,Pirates
2018-05-05,Rangers,Red Sox
2018-06-21,Astros,Rays
2018-06-12,Diamondbacks,Pirates
2018-05-20,Nationals,Dodgers
2018-09-05,Blue Jays,Rays
2018-07-10,Astros,Athletics
2018-06-10,Tigers,Indians
2018-05-06,Nationals,Phillies
2018-08-26,Royals,Indians
2018-06-21,Twins,Red Sox
2018-07-27,Giants,Brewers
2018-04-09,Indians,Tigers
2018-05-15,Pirates,White Sox
2018-04-16,Astros,Rangers
2018-08-08,Marlins,Cardinals
2018-04-25,Pirates,Tigers
2018-07-31,Padres,Giants
2018-06-29,Rays,Astros
2018-04-15,Red Sox,Orioles
2018-05-14,Cubs,Braves
2018-09-03,Braves,Red Sox
2018-07-12,Red Sox,Blue Jays
2018-09-27,Mariners,Athletics
2018-06-08,Cubs,Pirates
2018-03-31,Athletics,Angels
2018-07-10,Giants,Cubs
2018-09-01,Giants,Mets
2018-09-20,Nationals,Mets
2018-09-26,Mariners,Athletics
2018-08-11,Royals,Cardinals
2018-08-31,Dodgers,Diamondbacks
2018-09-28,Mets,Marlins
2018-09-02,Athletics,Mariners
2018-04-10,Rangers,Angels
2018-04-28,Marlins,Rockies
2018-08-12,Rockies,Dodgers
2018-09-20,Padres,Giants
2018-07-04,Rangers,Astros
2018-04-24,White Sox,Mariners
2018-07-03,Yankees,Braves
2018-08-04,Dodgers,Astros
2018-04-27,Indians,Mariners
2018-08-03,Rays,White Sox
2018-05-22,Dodgers,Rockies
2018-06-22,Mets,Dodgers
2018-05-26,Athletics,Diamondbacks
2018-04-18,Braves,Phillies
2018-06-13,Phillies,Rockies
2018-08-05,Rangers,Orioles
2018-05-22,Cubs,Indians
2018-05-29,Braves,Mets
2018-06-23,Twins,Rangers
2018-06-01,Mariners,Rangers
2018-07-24,Rays,Yankees
2018-08-22,Pirates,Braves
2018-07-23,Phillies,Dodgers
2018-05-22,White Sox,Orioles
2018-06-14,Phillies,Rockies
2018-09-28,Orioles,Astros
2018-06-20,Nationals,Orioles
2018-08-10,Astros,Mariners
2018-07-12,Orioles,Phillies
2018-04-08,Pirates,Reds
2018-07-28,Giants,Brewers
2018-05-25,Brewers,Mets
2018-09-08,Diamondbacks,Braves
2018-04-18,Pirates,Rockies
2018-07-04,Mariners,Angels
2018-07-01,Mariners,Royals
2018-05-19,Reds,Cubs
2018-04-28,Giants,Dodgers
2018-08-22,Mets,Giants
2018-04-03,Marlins,Red Sox
2018-06-28,Giants,Rockies
2018-07-09,Rays,Tigers
2018-06-23,Braves,Orioles
2018-06-13,Marlins,Giants
2018-06-14,Royals,Reds
2018-04-04,Angels,Indians
2018-06-05,Blue Jays,Yankees
2018-04-29,Pirates,Cardinals
2018-04-21,Tigers,Royals
2018-09-12,Cubs,Brewers
2018-06-27,Cardinals,Indians
2018-05-26,Mariners,Twins
2018-05-28,Braves,Mets
2018-04-22,Rockies,Cubs
2018-05-17,Marlins,Dodgers
2018-06-13,Diamondbacks,Pirates
2018-09-15,Giants,Rockies
2018-08-19,Red Sox,Rays
2018-04-21,Cardinals,Reds
2018-06-02,Diamondbacks,Marlins
2018-04-25,Dodgers,Marlins
2018-08-09,Rays,Orioles
2018-08-06,Marlins,Cardinals
2018-04-25,Reds,Braves
2018-08-25,Giants,Rangers
2018-07-01,Padres,Pirates
2018-07-31,Cardinals,Rockies
2018-09-02,Marlins,Blue Jays
2018-04-04,Pirates,Twins
2018-04-25,Orioles,Rays
2018-06-30,Cardinals,Braves
2018-05-19,Cardinals,Phillies
2018-05-10,Blue Jays,Mariners
2018-07-21,Angels,Astros
2018-03-30,Rays,Red Sox
2018-07-14,Dodgers,Angels
2018-08-24,Tigers,White Sox
2018-09-11,Rockies,Diamondbacks
2018-07-07,Mariners,Rockies
2018-05-23,Rangers,Yankees
2018-05-18,Giants,Rockies
2018-04-24,Giants,Nationals
2018-06-29,Reds,Brewers
2018-08-14,Padres,Angels
2018-08-29,Yankees,White Sox
2018-07-11,Astros,Athletics
2018-05-16,Red Sox,Athletics
2018-07-03,Reds,White Sox
2018-09-18,Tigers,Twins
2018-06-09,Nationals,Giants
2018-08-22,Nationals,Phillies
2018-06-09,Rangers,Astros
2018-05-18,Mets,Diamondbacks
2018-09-14,Yankees,Blue Jays
2018-04-29,Orioles,Tigers
2018-06-16,Brewers,Phillies
2018-06-13,Brewers,Cubs
2018-07-25,Blue Jays,Twins
2018-06-05,Twins,White Sox
2018-08-15,Cubs,Brewers
2018-06-16,Cardinals,Cubs
2018-08-02,Rays,Angels
2018-04-07,Twins,Mariners
2018-04-22,Diamondbacks,Padres
2018-08-29,Royals,Tigers
2018-07-01,Cardinals,Braves
2018-07-04,Rockies,Giants
2018-03-30,Blue Jays,Yankees
2018-09-23,Rangers,Mariners
2018-03-30,Tigers,Pirates
2018-05-03,Astros,Yankees
2018-07-25,Rays,Yankees
2018-08-03,Red Sox,Yankees
2018-05-05,Royals,Tigers
2018-05-16,Tigers,Indians
2018-04-21,Yankees,Blue Jays
2018-05-10,Yankees,Red Sox
2018-06-05,Mets,Orioles
2018-04-22,Angels,Giants
2018-08-09,Nationals,Braves
2018-09-05,Rangers,Angels
2018-04-07,White Sox,Tigers
2018-06-10,Rays,Mariners
2018-08-04,Rangers,Orioles
2018-08-17,Twins,Tigers
2018-08-20,Blue Jays,Orioles
2018-09-30,Giants,Dodgers
2018-05-01,Nationals,Pirates
2018-09-22,Cardinals,Giants
2018-04-26,Reds,Braves
2018-07-23,Marlins,Braves
2018-05-12,Padres,Cardinals
2018-07-15,White Sox,Royals
2018-07-07,Nationals,Marlins
2018-04-30,Marlins,Phillies
2018-07-07,Pirates,Phillies
2018-06-07,Twins,White Sox
2018-09-14,Indians,Tigers
2018-09-25,Cardinals,Brewers
2018-06-20,Cubs,Dodgers
2018-07-23,Blue Jays,Twins
2018-08-28,Braves,Rays
2018-06-08,Phillies,Brewers
2018-08-04,Diamondbacks,Giants
2018-04-30,Angels,Yankees
2018-08-31,White Sox,Red Sox
2018-07-06,Nationals,Marlins
2018-05-02,Reds,Brewers
2018-05-18,Blue Jays,Athletics
2018-06-15,Yankees,Rays
2018-07-28,Orioles,Rays
2018-08-11,Astros,Mariners
2018-06-22,Pirates,Diamondbacks
2018-09-14,Rays,Athletics
2018-04-03,Yankees,Rays
2018-04-07,Astros,Padres
2018-06-30,Mariners,Royals
2018-03-30,Mariners,Indians
2018-09-30,Mets,Marlins
2018-09-02,Yankees,Tigers
2018-06-23,Brewers,Cardinals
2018-04-18,Tigers,Orioles
2018-08-25,Marlins,Braves
2018-05-15,Padres,Rockies
2018-06-07,Rays,Mariners
2018-04-11,Marlins,Mets
2018-04-10,Rockies,Padres
2018-07-18,National League,American League
